strand	spacer	pam	spacer_start	spacer_end	gc	chrom	abs_start	abs_end
-	GAATATGTCTAAGCAATTGA	NGG	11	30	30	chr4	76023468	76023487
+	TATTCTGAGCCTACAGCAGA	NGG	26	45	45	chr4	76023453	76023472
-	CTGGAGGTTCCTCTGCTGTA	NGG	37	56	55	chr4	76023442	76023461
-	TTCATGGTGCTGAGACTGGA	NGG	52	71	50	chr4	76023427	76023446
-	TGATTCATGGTGCTGAGACT	NGG	55	74	45	chr4	76023424	76023443
-	AGAATGGCAGTTTGATTCAT	NGG	67	86	35	chr4	76023412	76023431
-	ATAAGGCAGCAAATCAGAAT	NGG	82	101	35	chr4	76023397	76023416
+	TTATCTTTCTGACTCTAAGT	NGG	98	117	30	chr4	76023381	76023400
-	ACTTAGAGTCAGAAAGATAA	NGG	98	117	30	chr4	76023381	76023400
